{
    "1671718924.3822317": 1.0610000000000002,
    "1671718927.0802429": 1.079,
    "1671718929.7829893": 1.081,
    "1671718932.4938602": 1.0730000000000002,
    "1671718935.200584": 1.055,
    "1671718937.9051845": 1.043,
    "1671718940.6005433": 1.0819999999999999,
    "1671718943.3620672": 1.0650000000000002,
    "1671718946.0722494": 1.038,
    "1671718948.7838626": 1.0710000000000002,
    "1671718951.478416": 1.057,
    "1671718954.178944": 1.063,
    "1671718956.884377": 1.056,
    "1671718959.5772161": 1.051,
    "1671718962.2858415": 1.068,
    "1671718964.9829054": 1.0750000100000001,
    "1671718967.699899": 1.04899999,
    "1671718970.4968991": 1.0810000000000002,
    "1671718973.1935346": 1.0650000000000002,
    "1671718975.9090896": 1.068,
    "1671718978.6038659": 1.058,
    "1671718981.3120303": 1.046,
    "1671718984.0159464": 1.0610000000000002,
    "1671718986.7334044": 1.0690000000000002,
    "1671718989.4397192": 1.0370000000000001,
    "1671718992.2063267": 1.056,
    "1671718994.9710052": 1.0170000000000001,
    "1671718997.6827433": 1.0730000000000002,
    "1671719000.5003397": 1.08000001,
    "1671719003.2067363": 1.05,
    "1671719006.0294528": 1.078,
    "1671719008.735897": 1.0510000000000002,
    "1671719011.4477284": 1.056,
    "1671719014.1608565": 1.06800001,
    "1671719016.8592753": 1.0650000000000002,
    "1671719018.2593453": 1.0710000000000002,
    "1671719019.7517664": 1.081,
    "1671719021.139876": 1.053,
    "1671719022.5319612": 1.0650000000000002,
    "1671719023.9502964": 1.062,
    "1671719025.3431523": -0.365,
    "1671719026.733775": -1.0,
    "1671719029.4634347": 2.9299999999999997,
    "1671719032.150995": 2.433,
    "1671719034.9107795": 1.8829999999999998,
    "1671719037.6024675": 3.519,
    "1671719040.3015761": 5.118,
    "1671719043.0009775": 1.0590000000000002,
    "1671719045.702995": 1.078,
    "1671719048.4096627": 1.051,
    "1671719051.1043444": 1.071,
    "1671719053.8110397": 1.0690000000000002,
    "1671719056.6067684": -1.764,
    "1671719059.3804705": -1.849,
    "1671719062.1463487": -2.016,
    "1671719064.8435981": -2.016,
    "1671719067.5371873": 1.10200001,
    "1671719070.2333765": 1.111,
    "1671719072.9989297": 1.108,
    "1671719075.7098954": 1.08299998,
    "1671719078.4122715": 1.09499999,
    "1671719081.1028755": 1.1199999999999999,
    "1671719083.807817": 0.476,
    "1671719086.5147505": 1.077,
    "1671719089.2130291": 1.056,
    "1671719091.9121792": 1.068,
    "1671719094.607208": 1.048,
    "1671719097.3071961": 1.078,
    "1671719100.0149622": 1.108,
    "1671719102.7982857": 1.0999999999999999,
    "1671719105.503038": 1.058,
    "1671719108.200895": 1.083,
    "1671719110.9887528": 1.089,
    "1671719113.7548745": 1.073,
    "1671719116.4564302": 1.076,
    "1671719119.1455302": 1.0859999999999999,
    "1671719121.9458642": 1.101,
    "1671719124.6623042": 1.06,
    "1671719127.3689945": 1.117,
    "1671719130.138193": 1.115,
    "1671719132.8389614": 1.081,
    "1671719135.533812": 1.0899999999999999,
    "1671719138.2294881": 1.092,
    "1671719140.9922543": 1.088,
    "1671719143.7053752": 1.081,
    "1671719146.5222943": 1.088,
    "1671719149.228423": 1.087,
    "1671719152.0521052": 1.081,
    "1671719154.7699647": 1.086,
    "1671719157.47771": 1.0790000000000002,
    "1671719160.1903296": 1.076,
    "1671719162.9054515": 1.082,
    "1671719165.6031413": 1.0959999999999999,
    "1671719168.311778": 1.093,
    "1671719171.0143645": 1.0790000000000002,
    "1671719173.7122955": 1.095,
    "1671719176.4183738": 1.081,
    "1671719179.1878796": 1.084,
    "1671719181.9017518": 1.0699999999999998,
    "1671719184.6158822": 0.98,
    "1671719187.3318539": 1.083,
    "1671719190.0378387": 1.071,
    "1671719192.7413218": 1.0730000000000002,
    "1671719195.4465055": 1.056,
    "1671719198.164106": 1.061,
    "1671719200.896669": 1.086,
    "1671719203.6075928": 1.059,
    "1671719206.3115048": 1.0610000000000002,
    "1671719209.088637": 1.081,
    "1671719210.4757853": 1.058,
    "1671719211.8644679": 1.057,
    "1671719213.2554083": 1.051,
    "1671719214.7196891": 1.0630000000000002,
    "1671719216.1228466": 1.075,
    "1671719217.516217": 1.0510000000000002
}